insert ignore into `vehicles`
	(`registration`, `make`, `model`, `year`, `colour`, `status`, `type`)
values
    ("ABC123","Toyota", "Corolla", 2014, "Blue", 0, "Tier 3"),
    ("QRB990","BMW", "325i", 2003, "Black", 1, "Tier 2"),
    ("TAA325","Peugeot", "307 SW", 2008, "Grey", 1, "Tier 2"),
    ("UBR666","Ford", "Falcon", 2013, "Orange", 1, "Tier 2"),
    ("FOK356","Holden", "Barina", 2017, "White", 0, "Tier 2"),
    ("JTD955","Holden", "Commadore", 2005, "Grey", 0, "Tier 3"),
    ("BLA555","Mazda", "3", 2010, "White", 0, "Tier 1"),
    ("QOP299","Kia", "Rio", 2013, "Pink", 0, "Tier 3"),
    ("YODUDE","Nissan", "Skyline", 2010, "Black", 0, "Tier 1"),
    ("MAGPIES", "Mercedes-Benz", "CLC200 Kompressor", 2009, "Black", 0, "Tier 1"),
    ("OOT564","Ford", "Fiesta Sport", 2015, "Red", 0, "Tier 2"),
    ("YFJ532","BMW", "X1", 2018, "White", 0, "Tier 1"),
    ("WGD401","Toyota", "Landcruiser Prado GXL", 2016, "Grey", 0, "Tier 3"),
    ("CFM842","Nissan", "X-Trail", 2017, "White", 0, "Tier 1"),
    ("IWI955","Skoda", "Octavia", 2017, "White", 0, "Tier 1"),
    ("HOLDI","Holden", "Caprice", 2015, "Grey", 0, "Tier 1"),
    ("OHYEAH","Lexus", "IS300", 2018, "Black", 0, "Tier 1"),
    ("UFJ759","Kia", "Stinger", 2018, "White", 0, "Tier 1"),
    ("MERZ","Mercedes-Benz", "SL55 AMG", 2003, "Gold", 0, "Tier 1"),
    ("IDA833","Mazda", "BT-50 XTR", 2016, "White", 0, "Tier 1");

insert ignore into `bookings`
	(`timestamp`, `registration`, `customer_id`, `duration`)
values
	("2018-04-02 13:11:00", "YODUDE", "112606983151403770748", 120),
    ("2018-05-02 13:11:00", "ABC123", "112606983151403770748", 720),
    ("2018-04-03 20:04:00", "UBR666", "102908696637872505288", 60),
    ("2018-05-05 15:45:00", "YODUDE", "102908696637872505288", 180),
    ("2018-04-05 15:45:00", "MAGPIES", "117051605584473461533", 360),
    ("2018-06-02 13:11:00", "QOP299", "117051605584473461533", 60),
    ("2018-03-03 20:04:00", "JTD955", "110833881946064880314", 120),
    ("2018-07-05 15:45:00", "FOK356", "110833881946064880314", 180);

insert ignore into `admins`
	(`admin_id`)
values   
    ("102908696637872505288"),
    ("117051605584473461533"),
    ("110833881946064880314"),
    ("112606983151403770748");

insert ignore into `users`
	(`cid`, `email`)
values
	("112606983151403770748", "s3543819@student.rmit.edu.au"),
    ("110833881946064880314", "s3489609@student.rmit.edu.au");
    
    insert ignore into `costs`
	(`type`, `rate`, `base`)

values   
    ("Tier 1", 3, 30),
    ("Tier 2", 2, 20),
    ("Tier 3", 1, 10);
    
insert ignore into `locations`
	(`registration`, `timestamp`, `location`)
values
	("ABC123", "2000-01-01 00:00:00", POINT(-37.808401, 144.956159)),
    ("ABC123", "2000-01-01 00:02:00", POINT(-37.810564, 144.952932)),
	("ABC123", "2000-01-01 00:04:00", POINT(-37.814225, 144.95482)),
	("ABC123", "2000-01-01 00:06:00", POINT(-37.817819, 144.956451)),
	("ABC123", "2000-01-01 00:08:00", POINT(-37.824167, 144.958592)),
	("ABC123", "2000-01-01 00:10:00", POINT(-37.831896, 144.960051)),
	("ABC123", "2000-01-01 00:12:00", POINT(-37.849248, 144.951468)),
	("ABC123", "2000-01-01 00:14:00", POINT(-37.852637, 144.957992)),
	("ABC123", "2000-01-01 00:16:00", POINT(-37.855618, 144.964515)),
	("ABC123", "2000-01-01 00:18:00", POINT(-37.865918, 144.973098)),
	("ABC123", "2000-01-01 00:20:00", POINT(-37.865804, 144.973463)),
	("ABC123", "2000-01-01 00:22:00", POINT(-37.872372, 144.976519)),
	("ABC123", "2000-01-01 00:24:00", POINT(-37.882128, 144.977893)),
	("ABC123", "2000-01-01 00:26:00", POINT(-37.87742, 144.979299)),
	("ABC123", "2000-01-01 00:28:00", POINT(-37.870794, 144.980415)),
	("ABC123", "2000-01-01 00:30:00", POINT(-37.867331, 144.981199)),
	("ABC123", "2000-01-01 00:32:00", POINT(-37.867568, 144.984632)),
	("ABC123", "2000-01-01 00:34:00", POINT(-37.867416, 144.986499)),
	("ABC123", "2000-01-01 00:36:00", POINT(-37.859815, 144.983931)),
	("ABC123", "2000-01-01 00:38:00", POINT(-37.852767, 144.983931)),
	("ABC123", "2000-01-01 00:40:00", POINT(-37.843008, 144.985819)),
	("ABC123", "2000-01-01 00:42:00", POINT(-37.834874, 144.987238)),
	("ABC123", "2000-01-01 00:44:00", POINT(-37.821586, 144.989642)),
	("ABC123", "2000-01-01 00:46:00", POINT(-37.813043, 144.991015)),
	("ABC123", "2000-01-01 00:48:00", POINT(-37.805621, 144.992048)),
	("ABC123", "2000-01-01 00:50:00", POINT(-37.800297, 144.993035)),
	("ABC123", "2000-01-01 00:52:00", POINT(-37.799293, 144.986544)),
	("ABC123", "2000-01-01 00:54:00", POINT(-37.79814, 144.976673)),
	("ABC123", "2000-01-01 00:56:00", POINT(-37.799564, 144.97015)),
	("ABC123", "2000-01-01 00:58:00", POINT(-37.807058, 144.96633)),

    ("QRB990", "2000-01-01 00:00:00", POINT(-37.809741, 144.970895)),
    ("QRB990", "2000-01-01 00:02:00", POINT(-37.808588, 144.973104)),
	("QRB990", "2000-01-01 00:04:00", POINT(-37.808453, 144.977739)),
	("QRB990", "2000-01-01 00:06:00", POINT(-37.809538, 144.987548)),
	("QRB990", "2000-01-01 00:08:00", POINT(-37.804316, 144.99244)),
	("QRB990", "2000-01-01 00:10:00", POINT(-37.797621, 144.993261)),
	("QRB990", "2000-01-01 00:12:00", POINT(-37.792214, 144.994441)),
	("QRB990", "2000-01-01 00:14:00", POINT(-37.790925, 144.999548)),
	("QRB990", "2000-01-01 00:16:00", POINT(-37.791366, 145.00311)),
	("QRB990", "2000-01-01 00:18:00", POINT(-37.791317, 145.00317)),
	("QRB990", "2000-01-01 00:20:00", POINT(-37.791294, 145.003033)),
	("QRB990", "2000-01-01 00:22:00", POINT(-37.791334, 145.003207)),
	("QRB990", "2000-01-01 00:24:00", POINT(-37.79133, 145.003052)),
	("QRB990", "2000-01-01 00:26:00", POINT(-37.79108, 145.001518)),
	("QRB990", "2000-01-01 00:28:00", POINT(-37.790524, 144.996862)),
	("QRB990", "2000-01-01 00:30:00", POINT(-37.788482, 144.995068)),
	("QRB990", "2000-01-01 00:32:00", POINT(-37.780974, 144.996763)),
	("QRB990", "2000-01-01 00:34:00", POINT(-37.776971, 144.989424)),
	("QRB990", "2000-01-01 00:36:00", POINT(-37.779437, 144.977579)),
	("QRB990", "2000-01-01 00:38:00", POINT(-37.777809, 144.961957)),
	("QRB990", "2000-01-01 00:40:00", POINT(-37.775366, 144.9405)),
	("QRB990", "2000-01-01 00:42:00", POINT(-37.772579, 144.924297)),
	("QRB990", "2000-01-01 00:44:00", POINT(-37.787639, 144.92155)),
	("QRB990", "2000-01-01 00:46:00", POINT(-37.789674, 144.94215)),
	("QRB990", "2000-01-01 00:48:00", POINT(-37.793328, 144.947288)),
	("QRB990", "2000-01-01 00:50:00", POINT(-37.79681, 144.950836)),
	("QRB990", "2000-01-01 00:52:00", POINT(-37.800597, 144.956132)),
	("QRB990", "2000-01-01 00:54:00", POINT(-37.804971, 144.956089)),
	("QRB990", "2000-01-01 00:56:00", POINT(-37.806361, 144.960767)),
	("QRB990", "2000-01-01 00:58:00", POINT(-37.807243, 144.96759)),

    ("TAA325", "2000-01-01 00:00:00", POINT(-37.805819, 144.960025)),
    ("TAA325", "2000-01-01 00:02:00", POINT(-37.795213, 144.95821)),
	("TAA325", "2000-01-01 00:04:00", POINT(-37.784117, 144.959547)),
	("TAA325", "2000-01-01 00:06:00", POINT(-37.769799, 144.961752)),
	("TAA325", "2000-01-01 00:08:00", POINT(-37.756635, 144.964327)),
	("TAA325", "2000-01-01 00:10:00", POINT(-37.740851, 144.967094)),
	("TAA325", "2000-01-01 00:12:00", POINT(-37.723338, 144.963318)),
	("TAA325", "2000-01-01 00:14:00", POINT(-37.723033, 144.971815)),
	("TAA325", "2000-01-01 00:16:00", POINT(-37.723305, 144.971257)),
	("TAA325", "2000-01-01 00:18:00", POINT(-37.723339, 144.972459)),
	("TAA325", "2000-01-01 00:20:00", POINT(-37.723305, 144.971901)),
	("TAA325", "2000-01-01 00:22:00", POINT(-37.723509, 144.972888)),
	("TAA325", "2000-01-01 00:24:00", POINT(-37.717285, 144.962486)),
	("TAA325", "2000-01-01 00:26:00", POINT(-37.698502, 144.95957)),
	("TAA325", "2000-01-01 00:28:00", POINT(-37.691439, 144.970213)),
	("TAA325", "2000-01-01 00:30:00", POINT(-37.692118, 144.9812)),
	("TAA325", "2000-01-01 00:32:00", POINT(-37.693884, 144.996134)),
	("TAA325", "2000-01-01 00:34:00", POINT(-37.695428, 145.008837)),
	("TAA325", "2000-01-01 00:36:00", POINT(-37.695699, 145.023085)),
	("TAA325", "2000-01-01 00:38:00", POINT(-37.697594, 145.053632)),
	("TAA325", "2000-01-01 00:40:00", POINT(-37.706194, 145.053607)),
	("TAA325", "2000-01-01 00:42:00", POINT(-37.716376, 145.043514)),
	("TAA325", "2000-01-01 00:44:00", POINT(-37.726424, 145.02197)),
	("TAA325", "2000-01-01 00:46:00", POINT(-37.748391, 145.005382)),
	("TAA325", "2000-01-01 00:48:00", POINT(-37.758299, 145.000748)),
	("TAA325", "2000-01-01 00:50:00", POINT(-37.769475, 144.999102)),
	("TAA325", "2000-01-01 00:52:00", POINT(-37.779109, 144.997385)),
	("TAA325", "2000-01-01 00:54:00", POINT(-37.788335, 144.99275)),
	("TAA325", "2000-01-01 00:56:00", POINT(-37.792811, 144.983053)),
	("TAA325", "2000-01-01 00:58:00", POINT(-37.798915, 144.97035)),

    ("UBR666", "2000-01-01 00:00:00", POINT(-37.815603, 144.969967)),
    ("UBR666", "2000-01-01 00:02:00", POINT(-37.819313, 144.961354)),
	("UBR666", "2000-01-01 00:04:00", POINT(-37.821821, 144.952943)),
	("UBR666", "2000-01-01 00:06:00", POINT(-37.824398, 144.948222)),
	("UBR666", "2000-01-01 00:08:00", POINT(-37.825892, 144.935424)),
	("UBR666", "2000-01-01 00:10:00", POINT(-37.830081, 144.919397)),
	("UBR666", "2000-01-01 00:12:00", POINT(-37.8332, 144.904891)),
	("UBR666", "2000-01-01 00:14:00", POINT(-37.827505, 144.894409)),
	("UBR666", "2000-01-01 00:16:00", POINT(-37.825078, 144.876616)),
	("UBR666", "2000-01-01 00:18:00", POINT(-37.824807, 144.86048)),
	("UBR666", "2000-01-01 00:20:00", POINT(-37.825823, 144.830981)),
	("UBR666", "2000-01-01 00:22:00", POINT(-37.825823, 144.812785)),
	("UBR666", "2000-01-01 00:24:00", POINT(-37.806024, 144.807291)),
	("UBR666", "2000-01-01 00:26:00", POINT(-37.798971, 144.78961)),
	("UBR666", "2000-01-01 00:28:00", POINT(-37.793595, 144.774698)),
	("UBR666", "2000-01-01 00:30:00", POINT(-37.793731, 144.775213)),
	("UBR666", "2000-01-01 00:32:00", POINT(-37.793934, 144.77474)),
	("UBR666", "2000-01-01 00:34:00", POINT(-37.793833, 144.775685)),
	("UBR666", "2000-01-01 00:36:00", POINT(-37.77766, 144.773803)),
	("UBR666", "2000-01-01 00:38:00", POINT(-37.771961, 144.785476)),
	("UBR666", "2000-01-01 00:40:00", POINT(-37.773318, 144.802299)),
	("UBR666", "2000-01-01 00:42:00", POINT(-37.776032, 144.819809)),
	("UBR666", "2000-01-01 00:44:00", POINT(-37.777792, 144.835444)),
	("UBR666", "2000-01-01 00:46:00", POINT(-37.780234, 144.851924)),
	("UBR666", "2000-01-01 00:48:00", POINT(-37.783417, 144.869808)),
	("UBR666", "2000-01-01 00:50:00", POINT(-37.792982, 144.894067)),
	("UBR666", "2000-01-01 00:52:00", POINT(-37.801256, 144.907285)),
	("UBR666", "2000-01-01 00:54:00", POINT(-37.80302, 144.922391)),
	("UBR666", "2000-01-01 00:56:00", POINT(-37.804647, 144.934751)),
	("UBR666", "2000-01-01 00:58:00", POINT(-37.81075, 144.956209)),
    
    ("FOK356", "2000-01-01 00:00:00", POINT(-37.814022, 144.961954)),
    ("FOK356", "2000-01-01 00:02:00", POINT(-37.81655, 144.958635)),
	("FOK356", "2000-01-01 00:04:00", POINT(-37.821161, 144.954472)),
	("FOK356", "2000-01-01 00:06:00", POINT(-37.811574, 144.950594)),
	("FOK356", "2000-01-01 00:08:00", POINT(-37.803708, 144.948062)),
	("FOK356", "2000-01-01 00:10:00", POINT(-37.796722, 144.951237)),
	("FOK356", "2000-01-01 00:12:00", POINT(-37.789306, 144.941796)),
	("FOK356", "2000-01-01 00:14:00", POINT(-37.788017, 144.92566)),
	("FOK356", "2000-01-01 00:16:00", POINT(-37.783972, 144.917483)),
	("FOK356", "2000-01-01 00:18:00", POINT(-37.784181, 144.916878)),
	("FOK356", "2000-01-01 00:20:00", POINT(-37.78403, 144.917226)),
	("FOK356", "2000-01-01 00:22:00", POINT(-37.783589, 144.916582)),
	("FOK356", "2000-01-01 00:24:00", POINT(-37.783623, 144.915981)),
	("FOK356", "2000-01-01 00:26:00", POINT(-37.784166, 144.917505)),
	("FOK356", "2000-01-01 00:28:00", POINT(-37.784251, 144.917033)),
	("FOK356", "2000-01-01 00:30:00", POINT(-37.784181, 144.916878)),
	("FOK356", "2000-01-01 00:32:00", POINT(-37.784181, 144.916878)),
	("FOK356", "2000-01-01 00:34:00", POINT(-37.784181, 144.916878)),
	("FOK356", "2000-01-01 00:36:00", POINT(-37.784268, 144.916432)),
	("FOK356", "2000-01-01 00:38:00", POINT(-37.776197, 144.923488)),
	("FOK356", "2000-01-01 00:40:00", POINT(-37.77495, 144.939302)),
	("FOK356", "2000-01-01 00:42:00", POINT(-37.775696, 144.948829)),
	("FOK356", "2000-01-01 00:44:00", POINT(-37.777664, 144.962905)),
	("FOK356", "2000-01-01 00:46:00", POINT(-37.778836, 144.971585)),
	("FOK356", "2000-01-01 00:48:00", POINT(-37.779921, 144.984632)),
	("FOK356", "2000-01-01 00:50:00", POINT(-37.785416, 144.981971)),
	("FOK356", "2000-01-01 00:52:00", POINT(-37.789689, 144.979911)),
	("FOK356", "2000-01-01 00:54:00", POINT(-37.793555, 144.979396)),
	("FOK356", "2000-01-01 00:56:00", POINT(-37.799727, 144.978366)),
	("FOK356", "2000-01-01 00:58:00", POINT(-37.808001, 144.973302)),
    
    ("JTD955", "2000-01-01 00:00:00", POINT(-37.816170, 144.956179)),
    ("JTD955", "2000-01-01 00:02:00", POINT(-37.807922, 144.966419)),
	("JTD955", "2000-01-01 00:04:00", POINT(-37.804667, 144.977234)),
	("JTD955", "2000-01-01 00:06:00", POINT(-37.798428, 144.97998)),
	("JTD955", "2000-01-01 00:08:00", POINT(-37.800191, 144.991825)),
	("JTD955", "2000-01-01 00:10:00", POINT(-37.795875, 144.997361)),
	("JTD955", "2000-01-01 00:12:00", POINT(-37.793569, 145.008519)),
	("JTD955", "2000-01-01 00:14:00", POINT(-37.79167, 145.019162)),
	("JTD955", "2000-01-01 00:16:00", POINT(-37.791534, 145.032208)),
	("JTD955", "2000-01-01 00:18:00", POINT(-37.786187, 145.059926)),
	("JTD955", "2000-01-01 00:20:00", POINT(-37.769363, 145.065076)),
	("JTD955", "2000-01-01 00:22:00", POINT(-37.757421, 145.069539)),
	("JTD955", "2000-01-01 00:24:00", POINT(-37.74916, 145.07123)),
	("JTD955", "2000-01-01 00:26:00", POINT(-37.739987, 145.070655)),
	("JTD955", "2000-01-01 00:28:00", POINT(-37.754132, 145.053385)),
	("JTD955", "2000-01-01 00:30:00", POINT(-37.746189, 145.012118)),
	("JTD955", "2000-01-01 00:32:00", POINT(-37.744752, 144.988897)),
	("JTD955", "2000-01-01 00:34:00", POINT(-37.743395, 144.972761)),
	("JTD955", "2000-01-01 00:36:00", POINT(-37.739866, 144.946325)),
	("JTD955", "2000-01-01 00:38:00", POINT(-37.737694, 144.929502)),
	("JTD955", "2000-01-01 00:40:00", POINT(-37.753168, 144.936025)),
	("JTD955", "2000-01-01 00:42:00", POINT(-37.767553, 144.938085)),
	("JTD955", "2000-01-01 00:44:00", POINT(-37.775307, 144.937398)),
	("JTD955", "2000-01-01 00:46:00", POINT(-37.788875, 144.938085)),
	("JTD955", "2000-01-01 00:48:00", POINT(-37.804067, 144.936025)),
	("JTD955", "2000-01-01 00:50:00", POINT(-37.809353, 144.933622)),
	("JTD955", "2000-01-01 00:52:00", POINT(-37.813002, 144.943366)),
	("JTD955", "2000-01-01 00:54:00", POINT(-37.810019, 144.951005)),
	("JTD955", "2000-01-01 00:56:00", POINT(-37.806154, 144.958215)),
	("JTD955", "2000-01-01 00:58:00", POINT(-37.806832, 144.962764)),
    
    ("BLA555", "2000-01-01 00:00:00", POINT(-37.818681, 144.958982)),
    ("BLA555", "2000-01-01 00:02:00", POINT(-37.818954, 144.954279)),
	("BLA555", "2000-01-01 00:04:00", POINT(-37.815157, 144.948271)),
	("BLA555", "2000-01-01 00:06:00", POINT(-37.808861, 144.93026)),
	("BLA555", "2000-01-01 00:08:00", POINT(-37.806475, 144.907997)),
	("BLA555", "2000-01-01 00:10:00", POINT(-37.815019, 144.899843)),
	("BLA555", "2000-01-01 00:12:00", POINT(-37.83024, 144.895681)),
	("BLA555", "2000-01-01 00:14:00", POINT(-37.843592, 144.892419)),
	("BLA555", "2000-01-01 00:16:00", POINT(-37.854509, 144.897086)),
	("BLA555", "2000-01-01 00:18:00", POINT(-37.858778, 144.894168)),
	("BLA555", "2000-01-01 00:20:00", POINT(-37.862641, 144.897858)),
	("BLA555", "2000-01-01 00:22:00", POINT(-37.862641, 144.904553)),
	("BLA555", "2000-01-01 00:24:00", POINT(-37.86298, 144.905068)),
	("BLA555", "2000-01-01 00:26:00", POINT(-37.862851, 144.904489)),
	("BLA555", "2000-01-01 00:28:00", POINT(-37.864594, 144.908638)),
	("BLA555", "2000-01-01 00:30:00", POINT(-37.866966, 144.912929)),
	("BLA555", "2000-01-01 00:32:00", POINT(-37.868902, 144.910477)),
	("BLA555", "2000-01-01 00:34:00", POINT(-37.871138, 144.905699)),
	("BLA555", "2000-01-01 00:36:00", POINT(-37.871263, 144.904046)),
	("BLA555", "2000-01-01 00:38:00", POINT(-37.868566, 144.895827)),
	("BLA555", "2000-01-01 00:40:00", POINT(-37.858472, 144.891568)),
	("BLA555", "2000-01-01 00:42:00", POINT(-37.838221, 144.88277)),
	("BLA555", "2000-01-01 00:44:00", POINT(-37.825883, 144.881225)),
	("BLA555", "2000-01-01 00:46:00", POINT(-37.825759, 144.889005)),
	("BLA555", "2000-01-01 00:48:00", POINT(-37.832131, 144.902051)),
	("BLA555", "2000-01-01 00:50:00", POINT(-37.832131, 144.915956)),
	("BLA555", "2000-01-01 00:52:00", POINT(-37.827657, 144.927285)),
	("BLA555", "2000-01-01 00:54:00", POINT(-37.826165, 144.935353)),
	("BLA555", "2000-01-01 00:56:00", POINT(-37.826437, 144.946168)),
	("BLA555", "2000-01-01 00:58:00", POINT(-37.821815, 144.952563)),
    
    ("QOP299", "2000-01-01 00:00:00", POINT(-37.811510, 144.965667)),
    ("QOP299", "2000-01-01 00:02:00", POINT(-37.812513, 144.961553)),
	("QOP299", "2000-01-01 00:04:00", POINT(-37.815334, 144.952443)),
	("QOP299", "2000-01-01 00:06:00", POINT(-37.827478, 144.95799)),
	("QOP299", "2000-01-01 00:08:00", POINT(-37.827478, 144.952117)),
	("QOP299", "2000-01-01 00:10:00", POINT(-37.826503, 144.931581)),
	("QOP299", "2000-01-01 00:12:00", POINT(-37.831505, 144.917204)),
	("QOP299", "2000-01-01 00:14:00", POINT(-37.832183, 144.901926)),
	("QOP299", "2000-01-01 00:16:00", POINT(-37.825675, 144.878237)),
	("QOP299", "2000-01-01 00:18:00", POINT(-37.824997, 144.853641)),
	("QOP299", "2000-01-01 00:20:00", POINT(-37.826081, 144.838363)),
	("QOP299", "2000-01-01 00:22:00", POINT(-37.827368, 144.818435)),
	("QOP299", "2000-01-01 00:24:00", POINT(-37.816481, 144.80845)),
	("QOP299", "2000-01-01 00:26:00", POINT(-37.798864, 144.789578)),
	("QOP299", "2000-01-01 00:28:00", POINT(-37.768474, 144.804341)),
	("QOP299", "2000-01-01 00:30:00", POINT(-37.748847, 144.836429)),
	("QOP299", "2000-01-01 00:32:00", POINT(-37.740842, 144.849986)),
	("QOP299", "2000-01-01 00:34:00", POINT(-37.729031, 144.85874)),
	("QOP299", "2000-01-01 00:36:00", POINT(-37.716998, 144.874111)),
	("QOP299", "2000-01-01 00:38:00", POINT(-37.706299, 144.888216)),
	("QOP299", "2000-01-01 00:40:00", POINT(-37.690951, 144.882037)),
	("QOP299", "2000-01-01 00:42:00", POINT(-37.677598, 144.884563)),
	("QOP299", "2000-01-01 00:44:00", POINT(-37.663565, 144.884563)),
	("QOP299", "2000-01-01 00:46:00", POINT(-37.652421, 144.880271)),
	("QOP299", "2000-01-01 00:48:00", POINT(-37.638557, 144.881129)),
	("QOP299", "2000-01-01 00:50:00", POINT(-37.625723, 144.883327)),
	("QOP299", "2000-01-01 00:52:00", POINT(-37.622698, 144.883311)),
	("QOP299", "2000-01-01 00:54:00", POINT(-37.62229, 144.878696)),
	("QOP299", "2000-01-01 00:56:00", POINT(-37.624714, 144.878217)),
	("QOP299", "2000-01-01 00:58:00", POINT(-37.625954, 144.877809)),
    ("YODUDE", "2000-01-01 00:00:00", POINT(-37.810422, 144.968597)),
    
    ("MAGPIES", "2000-01-01 00:00:00", POINT(-37.807232, 144.963620)),
    ("MAGPIES", "2000-01-01 00:02:00", POINT(-37.809528, 144.977831)),
	("MAGPIES", "2000-01-01 00:04:00", POINT(-37.810884, 144.990191)),
	("MAGPIES", "2000-01-01 00:06:00", POINT(-37.811426, 145.00461)),
	("MAGPIES", "2000-01-01 00:08:00", POINT(-37.813596, 145.01903)),
	("MAGPIES", "2000-01-01 00:10:00", POINT(-37.815766, 145.037569)),
	("MAGPIES", "2000-01-01 00:12:00", POINT(-37.817393, 145.057482)),
	("MAGPIES", "2000-01-01 00:14:00", POINT(-37.833173, 145.057418)),
	("MAGPIES", "2000-01-01 00:16:00", POINT(-37.849169, 145.053641)),
	("MAGPIES", "2000-01-01 00:18:00", POINT(-37.861368, 145.051581)),
	("MAGPIES", "2000-01-01 00:20:00", POINT(-37.874919, 145.048835)),
	("MAGPIES", "2000-01-01 00:22:00", POINT(-37.886614, 145.048148)),
	("MAGPIES", "2000-01-01 00:24:00", POINT(-37.897451, 145.045058)),
	("MAGPIES", "2000-01-01 00:26:00", POINT(-37.912892, 145.042655)),
	("MAGPIES", "2000-01-01 00:28:00", POINT(-37.932392, 145.039565)),
	("MAGPIES", "2000-01-01 00:30:00", POINT(-37.93185, 145.018279)),
	("MAGPIES", "2000-01-01 00:32:00", POINT(-37.929684, 144.995276)),
	("MAGPIES", "2000-01-01 00:34:00", POINT(-37.92833, 144.988753)),
	("MAGPIES", "2000-01-01 00:36:00", POINT(-37.917659, 144.986572)),
	("MAGPIES", "2000-01-01 00:38:00", POINT(-37.904389, 144.988802)),
	("MAGPIES", "2000-01-01 00:40:00", POINT(-37.899512, 144.995325)),
	("MAGPIES", "2000-01-01 00:42:00", POINT(-37.884611, 144.997385)),
	("MAGPIES", "2000-01-01 00:44:00", POINT(-37.86876, 144.999788)),
	("MAGPIES", "2000-01-01 00:46:00", POINT(-37.845641, 145.004594)),
	("MAGPIES", "2000-01-01 00:48:00", POINT(-37.844285, 145.02485)),
	("MAGPIES", "2000-01-01 00:50:00", POINT(-37.835609, 145.033777)),
	("MAGPIES", "2000-01-01 00:52:00", POINT(-37.81961, 145.036523)),
	("MAGPIES", "2000-01-01 00:54:00", POINT(-37.813101, 145.015924)),
	("MAGPIES", "2000-01-01 00:56:00", POINT(-37.810435, 144.98546)),
	("MAGPIES", "2000-01-01 00:58:00", POINT(-37.806906, 144.962797)),
    
    ("OOT564", "2000-01-01 00:00:00", POINT(-37.810915, 144.975427)),
    ("OOT564", "2000-01-01 00:02:00", POINT(-37.809636, 144.986771)),
	("OOT564", "2000-01-01 00:04:00", POINT(-37.813705, 144.991063)),
	("OOT564", "2000-01-01 00:06:00", POINT(-37.820078, 144.989861)),
	("OOT564", "2000-01-01 00:08:00", POINT(-37.835111, 144.987717)),
	("OOT564", "2000-01-01 00:10:00", POINT(-37.852936, 144.984284)),
	("OOT564", "2000-01-01 00:12:00", POINT(-37.868431, 144.981194)),
	("OOT564", "2000-01-01 00:14:00", POINT(-37.883306, 144.97868)),
	("OOT564", "2000-01-01 00:16:00", POINT(-37.899814, 144.98909)),
	("OOT564", "2000-01-01 00:18:00", POINT(-37.924192, 144.99424)),
	("OOT564", "2000-01-01 00:20:00", POINT(-37.927713, 144.98806)),
	("OOT564", "2000-01-01 00:22:00", POINT(-37.94378, 145.000306)),
	("OOT564", "2000-01-01 00:24:00", POINT(-37.957858, 145.008546)),
	("OOT564", "2000-01-01 00:26:00", POINT(-37.968955, 145.012666)),
	("OOT564", "2000-01-01 00:28:00", POINT(-37.980863, 145.019189)),
	("OOT564", "2000-01-01 00:30:00", POINT(-37.996287, 145.038072)),
	("OOT564", "2000-01-01 00:32:00", POINT(-38.000837, 145.075292)),
	("OOT564", "2000-01-01 00:34:00", POINT(-38.021396, 145.096921)),
	("OOT564", "2000-01-01 00:36:00", POINT(-38.056547, 145.116834)),
	("OOT564", "2000-01-01 00:38:00", POINT(-38.066211, 145.120095)),
	("OOT564", "2000-01-01 00:40:00", POINT(-38.095201, 145.12763)),
	("OOT564", "2000-01-01 00:42:00", POINT(-38.129237, 145.124883)),
	("OOT564", "2000-01-01 00:44:00", POINT(-38.14868, 145.130376)),
	("OOT564", "2000-01-01 00:46:00", POINT(-38.146987, 145.119095)),
	("OOT564", "2000-01-01 00:48:00", POINT(-38.158191, 145.105019)),
	("OOT564", "2000-01-01 00:50:00", POINT(-38.181539, 145.096092)),
	("OOT564", "2000-01-01 00:52:00", POINT(-38.183581, 145.08825)),
	("OOT564", "2000-01-01 00:54:00", POINT(-38.183176, 145.088894)),
	("OOT564", "2000-01-01 00:56:00", POINT(-38.183514, 145.08795)),
	("OOT564", "2000-01-01 00:58:00", POINT(-38.183514, 145.088851)),
    
    ("YFJ532", "2000-01-01 00:00:00", POINT(-37.804444, 144.955329)),
    ("YFJ532", "2000-01-01 00:02:00", POINT(-37.806212, 144.948926)),
	("YFJ532", "2000-01-01 00:04:00", POINT(-37.806212, 144.93588)),
	("YFJ532", "2000-01-01 00:06:00", POINT(-37.802374, 144.91746)),
	("YFJ532", "2000-01-01 00:08:00", POINT(-37.800882, 144.904414)),
	("YFJ532", "2000-01-01 00:10:00", POINT(-37.794778, 144.898921)),
	("YFJ532", "2000-01-01 00:12:00", POINT(-37.785193, 144.873172)),
	("YFJ532", "2000-01-01 00:14:00", POINT(-37.780174, 144.853431)),
	("YFJ532", "2000-01-01 00:16:00", POINT(-37.778681, 144.836608)),
	("YFJ532", "2000-01-01 00:18:00", POINT(-37.777906, 144.835784)),
	("YFJ532", "2000-01-01 00:20:00", POINT(-37.777589, 144.833359)),
	("YFJ532", "2000-01-01 00:22:00", POINT(-37.777379, 144.831848)),
	("YFJ532", "2000-01-01 00:24:00", POINT(-37.772328, 144.799681)),
	("YFJ532", "2000-01-01 00:26:00", POINT(-37.771785, 144.785434)),
	("YFJ532", "2000-01-01 00:28:00", POINT(-37.770699, 144.775306)),
	("YFJ532", "2000-01-01 00:30:00", POINT(-37.775636, 144.773974)),
	("YFJ532", "2000-01-01 00:32:00", POINT(-37.782284, 144.77303)),
	("YFJ532", "2000-01-01 00:34:00", POINT(-37.783026, 144.773056)),
	("YFJ532", "2000-01-01 00:36:00", POINT(-37.783551, 144.775395)),
	("YFJ532", "2000-01-01 00:38:00", POINT(-37.783602, 144.775567)),
	("YFJ532", "2000-01-01 00:40:00", POINT(-37.783602, 144.775202)),
	("YFJ532", "2000-01-01 00:42:00", POINT(-37.783738, 144.775352)),
	("YFJ532", "2000-01-01 00:44:00", POINT(-37.786773, 144.772541)),
	("YFJ532", "2000-01-01 00:46:00", POINT(-37.791275, 144.771955)),
	("YFJ532", "2000-01-01 00:48:00", POINT(-37.79375, 144.775173)),
	("YFJ532", "2000-01-01 00:50:00", POINT(-37.793886, 144.775002)),
	("YFJ532", "2000-01-01 00:52:00", POINT(-37.794898, 144.775901)),
	("YFJ532", "2000-01-01 00:54:00", POINT(-37.794898, 144.775901)),
	("YFJ532", "2000-01-01 00:56:00", POINT(-37.794898, 144.775901)),
	("YFJ532", "2000-01-01 00:58:00", POINT(-37.794898, 144.775901)),
    
    ("WGD401", "2000-01-01 00:00:00", POINT(-37.823369, 144.966751)),
    ("CFM842", "2000-01-01 00:00:00", POINT(-37.820822, 144.940730)),
    ("IWI955", "2000-01-01 00:00:00", POINT(-37.816623, 144.986340)),
    ("HOLDI", "2000-01-01 00:00:00", POINT(-37.796537, 144.963106)),
    ("OHYEAH", "2000-01-01 00:00:00", POINT(-37.802760, 144.982991)),
    ("UFJ759", "2000-01-01 00:00:00", POINT(-37.800482, 144.941963)),
    ("MERZ", "2000-01-01 00:00:00", POINT(-37.826453, 144.954995)),
    ("IDA833", "2000-01-01 00:00:00", POINT(-37.824094, 144.977051));
