insert ignore into `vehicles`
	(`registration`, `make`, `model`, `year`, `colour`, `status`)
values
    ("ABC123","Toyota", "Corolla", 2014, "Blue", 0),
    ("QRB990","BMW", "325i", 2003, "Black", 1),
    ("TAA325","Peugeot", "307 SW", 2008, "Grey", 1),
    ("UBR666","Ford", "Falcon", 2013, "Orange", 1),
    ("FOK356","Holden", "Barina", 2017, "White", 0),
    ("JTD955","Holden", "Commadore", 2005, "Grey", 0),
    ("BLA555","Mazda", "3", 2010, "White", 0),
    ("QOP299","Kia", "Rio", 2013, "Pink", 0),
    ("YODUDE","Nissan", "Skyline", 2010, "Black", 0),
    ("MAGPIES", "Mercedes-Benz", "CLC200 Kompressor", 2009, "Black", 0),
    ("OOT564","Ford", "Fiesta Sport", 2015, "Red", 0),
    ("YFJ532","BMW", "X1", 2018, "White", 0),
    ("WGD401","Toyota", "Landcruiser Prado GXL", 2016, "Grey", 0),
    ("CFM842","Nissan", "X-Trail", 2017, "White", 0),
    ("IWI955","Skoda", "Octavia", 2017, "White", 0),
    ("HOLDI","Holden", "Caprice", 2015, "Grey", 0),
    ("OHYEAH","Lexus", "IS300", 2018, "Black", 0),
    ("UFJ759","Kia", "Stinger", 2018, "White", 0),
    ("MERZ","Mercedes-Benz", "SL55 AMG", 2003, "Gold", 0),
    ("IDA833","Mazda", "BT-50 XTR", 2016, "White", 0);

insert ignore into `bookings`
	(`timestamp`, `registration`, `customer_id`, `duration`)
values
	("2018-04-02 13:11:00", "YODUDE", "112606983151403770748", 120),
    ("2018-05-02 13:11:00", "ABC123", "112606983151403770748", 720),
    ("2018-04-03 20:04:00", "UBR666", "102908696637872505288", 60),
    ("2018-05-05 15:45:00", "YODUDE", "102908696637872505288", 180),
    ("2018-04-05 15:45:00", "MAGPIES", "117051605584473461533", 360),
    ("2018-06-02 13:11:00", "QOP299", "117051605584473461533", 60),
    ("2018-03-03 20:04:00", "JTD955", "110833881946064880314", 120),
    ("2018-07-05 15:45:00", "FOK356", "110833881946064880314", 180);

insert ignore into `admins`
	(`admin_id`)
values   
    ("102908696637872505288"),
    ("117051605584473461533"),
    ("110833881946064880314"),
    ("112606983151403770748");
    
insert ignore into `locations`
	(`registration`, `timestamp`, `location`)
values
	("ABC123", "2000-01-01 00:00:00", POINT(-37.808401, 144.956159)),
    ("ABC123", "2000-01-01 00:02:00", POINT(-37.810564, 144.952932)),
	("ABC123", "2000-01-01 00:04:00", POINT(-37.814225, 144.95482)),
	("ABC123", "2000-01-01 00:06:00", POINT(-37.817819, 144.956451)),
	("ABC123", "2000-01-01 00:08:00", POINT(-37.824167, 144.958592)),
	("ABC123", "2000-01-01 00:10:00", POINT(-37.831896, 144.960051)),
	("ABC123", "2000-01-01 00:12:00", POINT(-37.849248, 144.951468)),
	("ABC123", "2000-01-01 00:14:00", POINT(-37.852637, 144.957992)),
	("ABC123", "2000-01-01 00:16:00", POINT(-37.855618, 144.964515)),
	("ABC123", "2000-01-01 00:18:00", POINT(-37.865918, 144.973098)),
	("ABC123", "2000-01-01 00:20:00", POINT(-37.865804, 144.973463)),
	("ABC123", "2000-01-01 00:22:00", POINT(-37.872372, 144.976519)),
	("ABC123", "2000-01-01 00:24:00", POINT(-37.882128, 144.977893)),
	("ABC123", "2000-01-01 00:26:00", POINT(-37.87742, 144.979299)),
	("ABC123", "2000-01-01 00:28:00", POINT(-37.870794, 144.980415)),
	("ABC123", "2000-01-01 00:30:00", POINT(-37.867331, 144.981199)),
	("ABC123", "2000-01-01 00:32:00", POINT(-37.867568, 144.984632)),
	("ABC123", "2000-01-01 00:34:00", POINT(-37.867416, 144.986499)),
	("ABC123", "2000-01-01 00:36:00", POINT(-37.859815, 144.983931)),
	("ABC123", "2000-01-01 00:38:00", POINT(-37.852767, 144.983931)),
	("ABC123", "2000-01-01 00:40:00", POINT(-37.843008, 144.985819)),
	("ABC123", "2000-01-01 00:42:00", POINT(-37.834874, 144.987238)),
	("ABC123", "2000-01-01 00:44:00", POINT(-37.821586, 144.989642)),
	("ABC123", "2000-01-01 00:46:00", POINT(-37.813043, 144.991015)),
	("ABC123", "2000-01-01 00:48:00", POINT(-37.805621, 144.992048)),
	("ABC123", "2000-01-01 00:50:00", POINT(-37.800297, 144.993035)),
	("ABC123", "2000-01-01 00:52:00", POINT(-37.799293, 144.986544)),
	("ABC123", "2000-01-01 00:54:00", POINT(-37.79814, 144.976673)),
	("ABC123", "2000-01-01 00:56:00", POINT(-37.799564, 144.97015)),
	("ABC123", "2000-01-01 00:58:00", POINT(-37.807058, 144.96633)),

    ("QRB990", "2000-01-01 00:00:00", POINT(-37.809741, 144.970895)),
    ("QRB990", "2000-01-01 00:02:00", POINT(-37.808588, 144.973104)),
	("QRB990", "2000-01-01 00:04:00", POINT(-37.808453, 144.977739)),
	("QRB990", "2000-01-01 00:06:00", POINT(-37.809538, 144.987548)),
	("QRB990", "2000-01-01 00:08:00", POINT(-37.804316, 144.99244)),
	("QRB990", "2000-01-01 00:10:00", POINT(-37.797621, 144.993261)),
	("QRB990", "2000-01-01 00:12:00", POINT(-37.792214, 144.994441)),
	("QRB990", "2000-01-01 00:14:00", POINT(-37.790925, 144.999548)),
	("QRB990", "2000-01-01 00:16:00", POINT(-37.791366, 145.00311)),
	("QRB990", "2000-01-01 00:18:00", POINT(-37.791317, 145.00317)),
	("QRB990", "2000-01-01 00:20:00", POINT(-37.791294, 145.003033)),
	("QRB990", "2000-01-01 00:22:00", POINT(-37.791334, 145.003207)),
	("QRB990", "2000-01-01 00:24:00", POINT(-37.79133, 145.003052)),
	("QRB990", "2000-01-01 00:26:00", POINT(-37.79108, 145.001518)),
	("QRB990", "2000-01-01 00:28:00", POINT(-37.790524, 144.996862)),
	("QRB990", "2000-01-01 00:30:00", POINT(-37.788482, 144.995068)),
	("QRB990", "2000-01-01 00:32:00", POINT(-37.780974, 144.996763)),
	("QRB990", "2000-01-01 00:34:00", POINT(-37.776971, 144.989424)),
	("QRB990", "2000-01-01 00:36:00", POINT(-37.779437, 144.977579)),
	("QRB990", "2000-01-01 00:38:00", POINT(-37.777809, 144.961957)),
	("QRB990", "2000-01-01 00:40:00", POINT(-37.775366, 144.9405)),
	("QRB990", "2000-01-01 00:42:00", POINT(-37.772579, 144.924297)),
	("QRB990", "2000-01-01 00:44:00", POINT(-37.787639, 144.92155)),
	("QRB990", "2000-01-01 00:46:00", POINT(-37.789674, 144.94215)),
	("QRB990", "2000-01-01 00:48:00", POINT(-37.793328, 144.947288)),
	("QRB990", "2000-01-01 00:50:00", POINT(-37.79681, 144.950836)),
	("QRB990", "2000-01-01 00:52:00", POINT(-37.800597, 144.956132)),
	("QRB990", "2000-01-01 00:54:00", POINT(-37.804971, 144.956089)),
	("QRB990", "2000-01-01 00:56:00", POINT(-37.806361, 144.960767)),
	("QRB990", "2000-01-01 00:58:00", POINT(-37.807243, 144.96759)),

    ("TAA325", "2000-01-01 00:00:00", POINT(-37.805819, 144.960025)),
    ("TAA325", "2000-01-01 00:02:00", POINT(-37.795213, 144.95821)),
	("TAA325", "2000-01-01 00:04:00", POINT(-37.784117, 144.959547)),
	("TAA325", "2000-01-01 00:06:00", POINT(-37.769799, 144.961752)),
	("TAA325", "2000-01-01 00:08:00", POINT(-37.756635, 144.964327)),
	("TAA325", "2000-01-01 00:10:00", POINT(-37.740851, 144.967094)),
	("TAA325", "2000-01-01 00:12:00", POINT(-37.723338, 144.963318)),
	("TAA325", "2000-01-01 00:14:00", POINT(-37.723033, 144.971815)),
	("TAA325", "2000-01-01 00:16:00", POINT(-37.723305, 144.971257)),
	("TAA325", "2000-01-01 00:18:00", POINT(-37.723339, 144.972459)),
	("TAA325", "2000-01-01 00:20:00", POINT(-37.723305, 144.971901)),
	("TAA325", "2000-01-01 00:22:00", POINT(-37.723509, 144.972888)),
	("TAA325", "2000-01-01 00:24:00", POINT(-37.717285, 144.962486)),
	("TAA325", "2000-01-01 00:26:00", POINT(-37.698502, 144.95957)),
	("TAA325", "2000-01-01 00:28:00", POINT(-37.691439, 144.970213)),
	("TAA325", "2000-01-01 00:30:00", POINT(-37.692118, 144.9812)),
	("TAA325", "2000-01-01 00:32:00", POINT(-37.693884, 144.996134)),
	("TAA325", "2000-01-01 00:34:00", POINT(-37.695428, 145.008837)),
	("TAA325", "2000-01-01 00:36:00", POINT(-37.695699, 145.023085)),
	("TAA325", "2000-01-01 00:38:00", POINT(-37.697594, 145.053632)),
	("TAA325", "2000-01-01 00:40:00", POINT(-37.706194, 145.053607)),
	("TAA325", "2000-01-01 00:42:00", POINT(-37.716376, 145.043514)),
	("TAA325", "2000-01-01 00:44:00", POINT(-37.726424, 145.02197)),
	("TAA325", "2000-01-01 00:46:00", POINT(-37.748391, 145.005382)),
	("TAA325", "2000-01-01 00:48:00", POINT(-37.758299, 145.000748)),
	("TAA325", "2000-01-01 00:50:00", POINT(-37.769475, 144.999102)),
	("TAA325", "2000-01-01 00:52:00", POINT(-37.779109, 144.997385)),
	("TAA325", "2000-01-01 00:54:00", POINT(-37.788335, 144.99275)),
	("TAA325", "2000-01-01 00:56:00", POINT(-37.792811, 144.983053)),
	("TAA325", "2000-01-01 00:58:00", POINT(-37.798915, 144.97035)),

    ("UBR666", "2000-01-01 00:00:00", POINT(-37.815603, 144.969967)),
    ("FOK356", "2000-01-01 00:00:00", POINT(-37.814022, 144.961954)),
    ("JTD955", "2000-01-01 00:00:00", POINT(-37.816170, 144.956179)),
    ("BLA555", "2000-01-01 00:00:00", POINT(-37.818681, 144.958982)),
    ("QOP299", "2000-01-01 00:00:00", POINT(-37.811510, 144.965667)),
    ("YODUDE", "2000-01-01 00:00:00", POINT(-37.810422, 144.968597)),
    ("MAGPIES", "2000-01-01 00:00:00", POINT(-37.807232, 144.963620)),
    ("OOT564", "2000-01-01 00:00:00", POINT(-37.810915, 144.975427)),
    ("YFJ532", "2000-01-01 00:00:00", POINT(-37.804444, 144.955329)),
    ("WGD401", "2000-01-01 00:00:00", POINT(-37.823369, 144.966751)),
    ("CFM842", "2000-01-01 00:00:00", POINT(-37.820822, 144.940730)),
    ("IWI955", "2000-01-01 00:00:00", POINT(-37.816623, 144.986340)),
    ("HOLDI", "2000-01-01 00:00:00", POINT(-37.796537, 144.963106)),
    ("OHYEAH", "2000-01-01 00:00:00", POINT(-37.802760, 144.982991)),
    ("UFJ759", "2000-01-01 00:00:00", POINT(-37.800482, 144.941963)),
    ("MERZ", "2000-01-01 00:00:00", POINT(-37.826453, 144.954995)),
    ("IDA833", "2000-01-01 00:00:00", POINT(-37.824094, 144.977051));

